{
  "plants": [
    {
      "id": 1,
      "name": "Rosa",
      "type": "plant",
      "description": "Flor ornamental con espinas y fragancia característica",
      "image": "https://www.interflora.es/blog/wp-content/uploads/rosa-reina-flores.jpg",
      "clicks": 0
    },
    {
      "id": 2,
      "name": "Girasol",
      "type": "plant",
      "description": "Planta anual con grandes flores amarillas",
      "image": "https://media.admagazine.com/photos/618a5e38b67f79aa891ed699/master/w_1600%2Cc_limit/92913.jpg",
      "clicks": 0
    },
    {
      "id": 3,
      "name": "Roble",
      "type": "plant",
      "description": "Árbol caducifolio de gran tamaño y larga vida",
      "image": "https://decofusta.net/madera/2015/09/arbol-del-roble-1-jpg.webp",
      "clicks": 0
    },
    {
      "id": 4,
      "name": "Cactus",
      "type": "plant",
      "description": "Planta suculenta adaptada a climas áridos",
      "image": "https://upload.wikimedia.org/wikipedia/commons/thumb/0/04/Sahuaros_en_%C3%8Dmuris.jpg/640px-Sahuaros_en_%C3%8Dmuris.jpg",
      "clicks": 0
    },
    {
      "id": 5,
      "name": "Tulipán",
      "type": "plant",
      "description": "Flor bulbosa de colores vibrantes",
      "image": "https://bruflor.es/blog/wp-content/uploads/2018/02/tulips-flowers-tulip-bouquet-violet-54186.jpeg",
      "clicks": 0
    }
  ],
  "animals": [
    {
      "id": 1,
      "name": "León",
      "type": "animal",
      "description": "Gran felino carnívoro de la sabana africana",
      "image": "https://upload.wikimedia.org/wikipedia/commons/7/73/Lion_waiting_in_Namibia.jpg",
      "clicks": 0
    },
    {
      "id": 2,
      "name": "Elefante",
      "type": "animal",
      "description": "Mamífero terrestre más grande del mundo",
      "image": "https://upload.wikimedia.org/wikipedia/commons/3/37/African_Bush_Elephant.jpg",
      "clicks": 0
    },
    {
      "id": 3,
      "name": "Delfín",
      "type": "animal",
      "description": "Mamífero marino altamente inteligente",
      "image": "https://static.nationalgeographicla.com/files/styles/image_3200/public/dq_camera-1.webp?w=1600&h=900",
      "clicks": 0
    },
    {
      "id": 4,
      "name": "Águila",
      "type": "animal",
      "description": "Ave rapaz de gran envergadura",
      "image": "https://upload.wikimedia.org/wikipedia/commons/thumb/c/cb/Bald_Eagle_Fly-by_%2848713206322%29.jpg/1200px-Bald_Eagle_Fly-by_%2848713206322%29.jpg",
      "clicks": 0
    },
    {
      "id": 5,
      "name": "Panda",
      "type": "animal",
      "description": "Oso asiático en peligro de extinción",
      "image": "https://upload.wikimedia.org/wikipedia/commons/0/0f/Grosser_Panda.JPG",
      "clicks": 0
    },
    {
      "id": 6,
      "name": "Tigre",
      "type": "animal",
      "description": "Felino rayado de gran tamaño",
      "image": "https://cdn0.expertoanimal.com/es/posts/4/9/9/curiosidades_del_tigre_25994_orig.jpg",
      "clicks": 0
    },
    {
      "id": 7,
      "name": "Colibrí",
      "type": "animal",
      "description": "Ave pequeña con rápido aleteo",
      "image": "https://media.glamour.mx/photos/646fb65a423a319abe4f4901/16:9/w_2560%2Cc_limit/colibries.jpg",
      "clicks": 0
    }
  ]
}
